{
  "assetsByChunkName": {
    "vendors~app-account~app-confirmation~app-order": "chunk.f1add65a3b61967d27f1.js",
    "vendors~app-account~app-checkout": "chunk.bcc79b3369666e896246.js",
    "vendors~app-cart~app-checkout": "chunk.322919dc6aeae5501b94.js",
    "admin": [
      "admin.e7248380a32d6ccd9fa3.js",
      "admin.e7248380a32d6ccd9fa3.js.map"
    ],
    "app-account": "chunk.91a0b5752bdeb34f5887.js",
    "app-confirmation": "chunk.bb861701b7f591149836.js",
    "app-order": "chunk.88e26fcd53ac02fec113.js",
    "checkout": [
      "checkout.7e5350ec035eda017a70.js",
      "checkout.7e5350ec035eda017a70.js.map"
    ],
    "storefront": [
      "storefront.269ce1ce883d770a8910.css",
      "storefront.be239dc1fde219ca8c11.js",
      "storefront.269ce1ce883d770a8910.css.map",
      "storefront.be239dc1fde219ca8c11.js.map"
    ],
    "vendors~app-cart": "chunk.50b53657ca6a58ac94a6.js",
    "vendors~app-checkout": "chunk.356cf1684ab687e4847f.js"
  }
}