{
  "meta_title": "",
  "meta_description": "",
  "sections": [
    {
      "type": "banner-slider",
      "autoplay": 5000,
      "slides": [
        {
          "start": "2021-09-03T23:22:02.471Z",
          "end": "",
          "img": "/img/uploads/banner-1.jpg"
        },
        {
          "start": "2021-10-16T19:00:57.484Z",
          "end": "",
          "img": "/img/uploads/banner-2.jpg"
        }
      ]
    },
    {
      "type": "info-bar",
      "enabled": true
    },
    {
      "type": "collection-shelf",
      "shuffle": true,
      "collection_id": "6112ef7d33f3ce442f88e3d1:categories:Camisetas:/camisetas",
      "limit": 12,
      "page": 1,
      "sort": "views",
      "title": "Camisetas da Galera!"
    },
    {
      "type": "collection-shelf",
      "shuffle": false,
      "limit": 12,
      "page": 1,
      "collection_id": "61468a05bf447b5f0eff7f35:categories:Femininas:/camisetas-femininas"
    },
    {
      "type": "collection-shelf",
      "shuffle": true,
      "limit": 12,
      "page": "",
      "collection_id": "612ff20cbc468331cbd846ee:categories:Heróis:/herois",
      "sort": "sales",
      "title": "Heróis"
    },
    {
      "type": "collection-shelf",
      "shuffle": false,
      "limit": 12,
      "page": 1,
      "sort": "views",
      "title": "Cult",
      "collection_id": "6132ad08522ab535e6036c37:categories:Cult:/cult"
    },
    {
      "type": "page-title",
      "title": "Loja Nerdastica",
      "description": "Nós da Nerdastica Presamos pela qualidade e satisfação do nosso cliente, Venha conhecer nossos produtos e se surpreenda com a nossa variedade de estampas geek feitas com muito amor e carinho!"
    }
  ]
}